"","Age","Experience","Income","Family","CCAvg","Education","Mortgage","Personal.Loan","Securities.Account","CD.Account","Online","CreditCard"
"2003",30,4,4.96284463025991,3,1.64865862558738,1,359,1,0,0,0,0
"3543",30,5,4.77912349311153,4,1.38629436111989,3,0,1,0,0,1,0
"1106",35,10,5.20948615284142,1,0.262364264467491,2,229,1,0,1,1,1
"4860",34,8,5.11198778835654,1,2.07944154167984,3,541,1,0,0,0,0
"2025",36,12,4.7361984483945,4,0.182321556793955,1,0,1,0,0,0,0
"4094",49,24,4.93447393313069,2,1.16315080980568,2,0,1,0,0,1,0
"4824",46,21,4.75359019110636,2,1.64865862558738,3,0,1,1,1,1,1
"4605",32,7,4.40671924726425,2,1.48160454092422,2,0,1,0,0,0,1
"30",38,13,4.78749174278205,1,1.45861502269952,2,0,1,0,1,1,1
"3006",62,36,5.00394630594546,3,2.07944154167984,2,0,1,0,0,1,0
"3210",42,16,5.15905529921453,2,0.916290731874155,2,373,1,0,1,1,1
"1015",50,26,5.26269018890489,2,1.02961941718116,3,301,1,0,1,1,1
"3948",32,8,4.78749174278205,4,1.79175946922805,3,0,1,0,0,1,0
"48",37,12,5.27299955856375,4,0.182321556793955,3,211,1,1,1,1,1
"1790",44,20,5.14749447681345,4,0.53062825106217,1,567,1,0,1,1,1
"2886",57,31,4.7361984483945,4,0.470003629245736,3,327,1,0,0,1,0
"4481",55,30,4.98360662170834,2,1.94591014905531,3,0,1,0,0,1,0
"3989",59,35,4.45434729625351,1,1.48160454092422,3,0,1,0,1,0,1
"2971",54,30,4.80402104473326,2,0.741937344729377,3,0,1,1,0,0,0
"4628",27,1,4.90527477843843,1,0.993251773010283,2,307,1,0,0,1,0
"1412",65,39,5.22035582507832,1,1.85629799036563,3,176,1,0,1,1,1
"2754",54,27,5.27811465923052,2,1.74919985480926,2,477,1,0,0,0,0
"2512",51,27,4.53259949315326,4,1.38629436111989,1,0,1,0,1,1,1
"4355",40,16,4.94875989037817,3,1.88706964903238,1,0,1,0,0,0,0
"3155",27,1,4.60517018598809,1,1.38629436111989,3,149,1,0,0,0,1
"737",61,35,5.03043792139244,3,1.45861502269952,3,0,1,0,0,1,0
"4358",39,14,4.95582705760126,4,1.98787434815435,1,0,1,1,1,1,1
"474",64,39,5.20948615284142,1,0.78845736036427,2,547,1,0,0,1,0
"2806",37,12,5.20948615284142,3,1.91692261218206,3,0,1,0,0,1,0
"3357",49,23,4.75359019110636,3,1.7227665977411,3,0,1,0,0,0,0
"3450",57,32,4.91265488573605,3,1.75785791755237,2,0,1,1,1,1,0
"1630",53,29,5.04342511691925,4,2.12823170584927,3,0,1,0,0,0,0
"3758",45,21,4.96284463025991,1,0.8754687373539,2,0,1,0,0,1,0
"2624",42,17,4.71849887129509,3,1.38629436111989,1,0,1,1,1,0,1
"1138",51,26,4.90527477843843,4,1.70474809223843,3,0,1,1,1,1,0
"972",43,19,5.16478597392351,3,0.993251773010283,3,231,1,0,1,1,1
"2905",56,32,5.25227342804663,3,1.16315080980568,1,0,1,0,1,1,0
"1578",34,8,4.18965474202643,1,1.38629436111989,1,227,1,0,0,1,0
"4440",33,7,4.65396035015752,2,1.52605630349505,3,0,1,0,0,0,1
"2185",62,36,5.21493575760899,2,1.48160454092422,3,0,1,0,0,0,0
"928",65,40,4.56434819146784,3,1.54756250871601,2,138,1,0,0,0,1
"982",36,12,4.96284463025991,3,1.19392246847243,2,0,1,0,1,1,1
"3490",36,12,5.04342511691925,3,2.00148000021012,1,0,1,1,0,0,0
"2197",51,24,5.24702407216049,4,1.74919985480926,2,0,1,0,0,1,0
"4166",63,38,4.91265488573605,2,1.56861591791385,3,183,1,0,0,0,0
"2179",37,13,5.06890420222023,2,1.19392246847243,2,0,1,0,1,1,1
"2429",39,12,4.69134788222914,4,1.54115907168081,2,301,1,0,0,0,1
"322",44,20,4.62497281328427,3,1.68639895357023,2,82,1,0,0,0,0
"1785",54,29,4.78749174278205,3,1.09861228866811,1,0,1,1,1,0,0
"4293",63,37,5.25749537202778,2,1.66770682055808,3,205,1,0,0,0,0
"2875",49,25,4.74493212836325,1,1.25276296849537,3,0,1,0,0,1,0
"4125",53,29,4.95582705760126,2,0.182321556793955,3,0,1,0,0,0,0
"1642",58,34,5.03043792139244,4,1.52605630349505,3,0,1,0,0,0,0
"4791",35,11,4.62497281328427,3,1.56861591791385,3,150,1,0,0,1,0
"1861",30,6,5.19295685089021,3,1.77495235091167,1,142,1,0,0,1,0
"3960",43,19,4.82028156560504,3,0.832909122935104,1,0,1,0,0,1,0
"1445",60,33,5.04342511691925,1,1.38629436111989,2,0,1,1,1,1,0
"4001",62,37,4.54329478227,3,1.38629436111989,3,0,1,0,1,1,1
"3579",29,5,4.85981240436167,2,1.62924053973028,2,209,1,0,0,1,0
"3297",63,37,4.89034912822175,1,1.68639895357023,2,0,1,0,0,1,0
"941",61,36,5.26785815906333,1,1.7404661748405,3,203,1,0,0,1,0
"3891",42,17,4.9416424226093,2,1.3609765531356,3,0,1,0,0,1,0
"3614",35,11,5.00394630594546,1,1.91692261218206,3,0,1,0,0,1,0
"3669",38,13,4.86753445045558,4,0.262364264467491,3,75,1,0,0,1,0
"4176",42,17,5.04342511691925,3,1.77495235091167,1,0,1,0,1,1,1
"4155",51,25,5.0998664278242,2,0.832909122935104,3,0,1,0,0,1,0
"2456",34,8,5.10594547390058,4,2.12823170584927,3,0,1,0,0,1,0
"465",43,19,4.43081679884331,4,1.52605630349505,3,0,1,0,0,0,1
"1914",57,33,4.90527477843843,4,0.641853886172395,1,198,1,0,0,1,0
"91",55,30,4.77912349311153,4,1.88706964903238,2,0,1,0,0,1,0
"1167",30,5,4.72738781871234,4,1.79175946922805,2,0,1,0,0,0,1
"175",42,17,5.12989871492307,2,2.18605127673809,2,0,1,0,0,1,0
"4088",52,28,5.19295685089021,4,1.64865862558738,3,0,1,0,0,0,0
"1286",38,13,4.7361984483945,4,0.993251773010283,2,0,1,0,0,0,1
"1321",31,7,5.26269018890489,1,0,2,0,1,0,0,1,0
"443",58,28,4.81218435537242,1,1.38629436111989,3,115,1,0,0,1,0
"4586",35,11,5.19849703126583,1,1.52605630349505,3,571,1,0,1,1,1
"1560",59,35,4.63472898822964,4,1.38629436111989,2,115,1,0,0,1,0
"2374",33,9,5.22035582507832,2,1.75785791755237,2,0,1,0,0,0,0
"4643",65,40,4.969813299576,4,2.02814824729229,2,0,1,0,0,1,0
"422",28,3,4.75359019110636,4,1.41098697371026,2,0,1,0,0,0,0
"1406",46,22,5.21493575760899,1,1.41098697371026,2,0,1,0,1,1,1
"1795",56,32,4.59511985013459,3,1.58923520511658,3,0,1,0,0,0,0
"2879",45,19,4.81218435537242,4,1.62924053973028,2,0,1,0,0,1,0
"3289",56,30,4.94875989037817,4,0.405465108108164,1,292,1,0,0,0,0
"1519",43,17,4.17438726989564,4,1.38629436111989,3,221,1,0,0,1,0
"3563",32,8,5.13579843705026,1,2.01490302054226,3,272,1,1,1,1,0
"2722",58,33,5.15905529921453,2,2.10413415427021,3,0,1,0,0,1,0
"1350",26,2,5.14749447681345,3,1.94591014905531,2,0,1,0,0,1,0
"2404",38,13,4.94875989037817,4,0.405465108108164,1,0,1,0,0,0,0
"4260",52,26,5.06890420222023,2,1.54756250871601,3,251,1,0,0,0,1
"571",49,25,5.08759633523238,3,2.01490302054226,2,485,1,1,1,0,0
"3277",55,31,5.07517381523383,1,1.58923520511658,3,0,1,0,0,0,0
"4302",49,24,4.87519732320115,4,0.741937344729377,1,281,1,0,1,1,0
"2833",45,21,4.89783979995091,4,1.90210752639692,3,0,1,0,1,1,1
"3038",27,2,5.06890420222023,3,0.336472236621213,2,0,1,0,1,1,0
"289",44,19,5.15329159449778,2,1.66770682055808,3,391,1,1,1,1,0
"2277",29,3,5.15329159449778,4,1.68639895357023,1,0,1,0,0,0,0
"4594",54,30,4.89783979995091,1,1.79175946922805,2,0,1,0,0,0,1
"2478",40,14,5.19295685089021,1,1.28093384546206,3,0,1,0,0,1,0
"3320",60,35,5.03695260241363,3,1.09861228866811,3,0,1,0,0,0,1
"1144",33,7,4.79579054559674,1,1.43508452528932,3,0,1,0,0,1,0
"352",28,4,5.04985600724954,4,1.84054963339749,2,0,1,0,0,1,0
"2195",34,9,4.82028156560504,1,0.955511445027436,2,0,1,0,0,1,0
"2160",61,35,4.60517018598809,1,1.75785791755237,3,255,1,0,0,0,1
"4653",38,12,5.22035582507832,3,2.19722457733622,1,0,1,0,0,1,0
"3269",43,17,4.71849887129509,4,1.85629799036563,3,0,1,0,0,1,0
"955",37,12,5.13579843705026,2,1.82454929205105,3,249,1,0,0,1,0
"773",54,28,5.11198778835654,1,1.62924053973028,3,0,1,0,1,1,1
"1890",56,30,4.71849887129509,4,0.262364264467491,1,372,1,1,1,1,0
"1419",65,41,5.04342511691925,2,1.7227665977411,2,0,1,1,1,1,1
"3473",54,27,4.79579054559674,4,1.38629436111989,2,431,1,0,0,1,0
"1496",52,28,5.18738580584075,3,1.85629799036563,3,147,1,0,0,1,0
"4703",35,5,4.69134788222914,2,1.32175583998232,3,0,1,1,0,0,0
"2770",33,9,5.21493575760899,2,2.28238238567653,3,582,1,0,0,1,0
"2540",32,7,4.59511985013459,1,1.64865862558738,1,171,1,1,1,0,0
"2386",43,17,4.83628190695148,4,1.50407739677627,2,0,1,0,0,0,0
"4259",52,26,5.04985600724954,3,2.10413415427021,2,0,1,0,0,1,0
"2860",35,11,5.24174701505964,1,0.641853886172395,3,282,1,0,0,1,0
"3327",53,27,5.16478597392351,1,1.3609765531356,2,0,1,0,0,1,0
"3615",34,10,5.04342511691925,3,1.85629799036563,2,0,1,0,0,1,0
"4566",33,8,4.79579054559674,2,1.64865862558738,3,76,1,0,0,0,1
"4378",33,8,4.98360662170834,1,1.30833281965018,3,0,1,0,0,1,0
"4329",64,38,4.969813299576,2,2.00148000021012,3,0,1,1,1,1,0
"1638",30,6,5.26785815906333,3,1.98787434815435,3,0,1,0,0,1,0
"2263",55,29,4.88280192258637,2,0.53062825106217,2,0,1,0,0,0,1
"3785",30,6,4.75359019110636,4,1.56861591791385,2,0,1,0,0,1,0
"2159",50,25,4.43081679884331,4,1.41098697371026,1,0,1,0,0,0,1
"2137",50,26,4.75359019110636,1,0.78845736036427,3,0,1,0,0,0,1
"2078",34,9,5.08140436498446,4,2.19722457733622,3,0,1,0,0,0,1
"4981",29,5,4.91265488573605,3,1.84054963339749,1,0,1,0,1,1,1
"2969",44,18,5.09375020080676,4,0.832909122935104,1,301,1,0,0,0,0
"2594",48,23,5.08759633523238,4,2.18605127673809,3,310,1,0,0,0,0
"3055",45,21,4.90527477843843,4,1.87180217690159,2,0,1,0,1,1,1
"4471",44,20,4.71849887129509,2,1.84054963339749,2,0,1,0,0,1,0
"2842",37,11,5.25227342804663,4,2.11625551480255,2,565,1,0,1,1,0
"1025",58,33,4.81218435537242,4,0.182321556793955,2,0,1,0,1,1,0
"2002",44,17,4.85981240436167,2,1.44691898293633,2,0,1,0,0,0,1
"2773",55,31,4.87519732320115,4,2.01490302054226,1,0,1,0,0,0,1
"771",26,2,5.15329159449778,2,2.06686275947298,2,0,1,0,0,1,0
"1479",65,39,5.08140436498446,4,1.56861591791385,1,237,1,0,0,1,0
"383",65,41,4.89783979995091,4,1.09861228866811,1,0,1,0,0,0,1
"1883",56,32,4.83628190695148,3,0.470003629245736,1,342,1,0,1,1,1
"4533",48,22,4.89783979995091,2,1.41098697371026,2,0,1,0,0,1,0
"889",57,33,5.20948615284142,2,1.45861502269952,3,372,1,0,0,0,0
"1340",52,25,5.19849703126583,2,2.30258509299405,2,297,1,0,0,1,0
"1919",39,9,4.77912349311153,2,1.94591014905531,3,246,1,0,1,1,1
"4426",26,0,5.10594547390058,2,1.6094379124341,3,301,1,0,0,1,0
"2062",63,38,5.07517381523383,4,1.77495235091167,2,111,1,0,0,0,0
"1938",51,25,5.2040066870768,1,1.45861502269952,3,589,1,1,1,1,0
"1675",37,11,4.9416424226093,2,0.587786664902119,2,421,1,0,0,1,0
"2247",35,11,5.25227342804663,3,1.41098697371026,2,266,1,0,0,0,0
"1274",60,35,4.87519732320115,3,1.98787434815435,3,437,1,0,1,1,1
"1374",60,35,4.91265488573605,3,0.262364264467491,3,0,1,0,0,1,0
"4928",43,19,4.80402104473326,1,0.53062825106217,2,0,1,0,1,1,1
"1129",30,5,5.14749447681345,2,1.06471073699243,2,0,1,0,0,0,0
"10",34,9,5.19849703126583,1,2.29253475714054,3,0,1,0,0,0,0
"3468",63,37,5.01063529409626,2,0.182321556793955,3,364,1,0,0,1,0
"4591",58,34,5.02388052084628,3,0.470003629245736,2,0,1,0,0,0,0
"1205",26,1,5.25227342804663,4,0.832909122935104,2,197,1,0,0,1,0
"4152",44,18,4.82028156560504,3,1.93152141160321,1,0,1,0,1,1,1
"2603",52,26,5.08759633523238,4,1.66770682055808,1,0,1,0,1,1,1
"3085",26,0,4.86753445045558,3,0.53062825106217,2,0,1,0,0,0,0
"3384",46,22,4.91265488573605,3,1.62924053973028,1,213,1,0,0,1,0
"4812",36,12,4.82028156560504,2,1.38629436111989,3,0,1,0,0,0,0
"3518",30,6,4.56434819146784,1,1.58923520511658,3,146,1,0,0,0,1
"682",34,9,5.10594547390058,1,1.94591014905531,3,0,1,0,0,1,0
"2042",45,20,5.19849703126583,3,2.2512917986065,2,535,1,0,0,0,0
"161",29,0,4.90527477843843,4,2.01490302054226,3,0,1,0,0,0,0
"2679",63,38,5.00394630594546,2,1.66770682055808,3,0,1,0,0,1,0
"1680",57,31,4.74493212836325,4,1.82454929205105,1,0,1,1,1,1,0
"1238",38,13,5.13579843705026,1,2.05412373369555,3,0,1,0,1,1,1
"2316",52,26,5.20948615284142,2,0.8754687373539,2,0,1,0,0,1,0
"4866",50,24,4.89783979995091,4,0.8754687373539,2,342,1,0,0,0,1
"4764",51,25,5.15905529921453,1,0.405465108108164,2,0,1,0,0,1,0
"1039",56,30,4.98360662170834,4,1.90210752639692,2,0,1,0,1,1,1
"538",44,20,4.88280192258637,1,1.77495235091167,3,0,1,0,0,1,0
"79",54,30,4.89783979995091,2,1.28093384546206,3,0,1,0,0,0,0
"2022",46,20,4.64439089914137,4,1.75785791755237,3,0,1,0,0,1,0
"4419",59,34,4.98360662170834,4,1.02961941718116,1,198,1,0,0,1,0
"2997",42,18,4.64439089914137,1,1.4655675420144,1,0,1,1,1,1,1
"2262",30,3,5.01727983681492,4,1.79175946922805,2,0,1,0,0,1,0
"4720",32,8,4.94875989037817,4,2.02814824729229,3,0,1,0,1,0,1
"3662",29,4,4.79579054559674,1,1.62924053973028,2,0,1,1,1,0,1
"3218",65,39,4.55387689160054,4,1.62924053973028,1,120,1,0,1,1,1
"4283",26,0,5.27811465923052,3,1.99197551589856,3,0,1,1,1,1,0
"4027",27,1,4.96284463025991,3,1.87180217690159,1,0,1,0,0,0,0
"4148",59,35,5.19849703126583,2,2.01490302054226,2,0,1,1,1,1,1
"1338",26,0,5.19295685089021,4,1.1314021114911,2,0,1,0,0,0,0
"1794",35,9,4.7361984483945,3,0.587786664902119,3,0,1,0,0,1,0
"1605",55,29,4.71849887129509,2,1.52605630349505,3,0,1,0,0,0,1
"3606",61,31,4.87519732320115,2,1.28093384546206,3,0,1,0,0,0,0
"3613",50,25,4.60517018598809,1,1.7227665977411,1,368,1,1,1,0,1
"464",48,22,5.01063529409626,2,1.87180217690159,2,0,1,1,1,1,0
"4495",29,4,5.20948615284142,1,1.54756250871601,3,0,1,0,0,1,0
"210",64,39,5.15329159449778,4,1.41098697371026,1,282,1,0,1,1,1
"3564",53,27,4.9416424226093,1,0.641853886172395,3,0,1,0,0,0,0
"3865",62,32,4.96284463025991,2,1.33500106673234,3,0,1,0,0,0,1
"439",58,32,4.7361984483945,2,1.56861591791385,2,119,1,0,1,1,1
"655",54,29,4.86753445045558,4,1.64865862558738,3,0,1,0,0,0,0
"3777",27,3,4.91265488573605,3,1.30833281965018,3,449,1,0,0,0,1
"152",26,0,4.89034912822175,3,2.01490302054226,3,0,1,0,0,0,1
"19",46,21,5.26785815906333,2,2.2082744135228,3,0,1,0,0,0,0
"4180",29,3,4.52178857704904,1,1.48160454092422,3,0,1,0,0,0,0
"2858",34,8,5.22035582507832,3,2.14006616349627,1,0,1,0,0,0,0
"3944",61,36,5.24174701505964,1,2.33214389523559,2,0,1,0,0,0,0
"2048",63,38,4.90527477843843,3,1.6094379124341,2,0,1,0,0,0,1
"1130",30,4,4.30406509320417,3,1.45861502269952,1,0,1,0,1,1,1
"3823",63,33,5.18738580584075,4,2.30258509299405,3,0,1,0,0,0,0
"3040",34,9,4.95582705760126,2,1.77495235091167,3,0,1,0,0,0,1
"3340",27,1,4.95582705760126,4,1.80828877117927,3,354,1,0,0,0,0
"4629",27,1,4.87519732320115,3,1.3609765531356,2,0,1,0,0,0,0
"4191",40,16,4.49980967033027,3,1.58923520511658,2,216,1,1,1,1,0
"4303",52,27,4.45434729625351,3,1.48160454092422,3,0,1,0,0,0,0
"401",36,10,5.19295685089021,3,2.02814824729229,1,0,1,0,0,1,0
"4346",26,1,5.22035582507832,2,1.64865862558738,3,577,1,0,1,1,1
"200",36,11,5.06890420222023,1,1.80828877117927,3,0,1,0,1,1,1
"3272",52,27,4.54329478227,4,1.62924053973028,2,0,1,0,0,0,1
"3721",63,39,4.88280192258637,3,1.28093384546206,3,229,1,0,0,1,0
"3143",34,8,5.17048399503815,4,0.741937344729377,3,0,1,1,1,1,1
"3542",45,20,4.97673374242057,4,1.85629799036563,1,210,1,0,0,1,0
"597",48,22,5.03043792139244,1,1.50407739677627,3,0,1,0,0,1,0
"1376",50,26,5.19295685089021,1,1.3609765531356,3,0,1,0,0,0,1
"1245",33,8,4.87519732320115,3,1.98787434815435,2,99,1,0,0,0,1
"3404",54,29,4.4188406077966,3,1.54756250871601,2,0,1,0,0,1,0
"1098",50,24,5.24174701505964,3,0.832909122935104,1,184,1,0,0,0,1
"1396",47,23,5.25227342804663,4,0.262364264467491,3,305,1,0,0,0,0
"3465",61,37,5.15329159449778,4,1.65822807660353,1,0,1,0,1,1,1
"2692",61,36,4.78749174278205,2,1.85629799036563,2,0,1,0,0,1,0
"2587",47,23,5.01063529409626,4,1.96009478404727,1,0,1,0,0,0,1
"4036",34,9,5.19849703126583,2,2.01490302054226,3,0,1,0,1,1,0
"1067",30,5,4.83628190695148,4,0.405465108108164,3,0,1,0,1,1,0
"783",54,30,5.27299955856375,3,1.94591014905531,3,587,1,1,1,1,1
"738",64,37,4.93447393313069,2,1.33500106673234,2,0,1,0,0,1,0
"3946",29,3,4.82028156560504,3,1.88706964903238,3,428,1,0,0,1,0
"2096",47,21,5.16478597392351,4,1.43508452528932,3,0,1,0,0,0,0
"4021",58,32,5.25749537202778,4,1.82454929205105,3,194,1,0,0,0,1
"2047",43,16,5.08759633523238,3,2.19722457733622,2,0,1,0,1,1,1
"1799",44,20,5.2257466737132,3,1.30833281965018,1,0,1,0,0,1,0
"2911",46,22,4.63472898822964,3,1.70474809223843,3,0,1,0,0,1,0
"2208",38,12,5.19849703126583,1,1.33500106673234,3,158,1,0,0,1,0
"366",57,32,5.16478597392351,1,2.05412373369555,2,466,1,0,0,1,0
"4311",65,41,5.14166355650266,4,1.96009478404727,2,0,1,0,1,1,1
"3319",46,20,4.66343909411207,4,1.43508452528932,1,0,1,0,0,0,0
"1653",48,18,5.20948615284142,4,1.94591014905531,3,0,1,0,0,1,0
"4813",29,4,5.22035582507832,4,1.16315080980568,3,612,1,0,0,1,0
"1593",56,31,5.26269018890489,1,2.07944154167984,3,0,1,0,1,1,0
"2346",65,40,4.49980967033027,1,1.62924053973028,1,299,1,0,1,1,0
"4423",57,31,5.10594547390058,2,1.56861591791385,3,422,1,0,1,1,1
"2839",30,6,5.2040066870768,3,1.62924053973028,2,0,1,0,1,1,1
"2542",34,8,5.14749447681345,2,1.16315080980568,2,569,1,0,0,1,0
"1040",41,16,5.17048399503815,2,0.741937344729377,3,0,1,0,0,1,0
"2444",28,3,5.08759633523238,4,0.993251773010283,3,422,1,0,1,1,1
"1226",30,6,4.77912349311153,2,1.33500106673234,2,0,1,0,0,0,0
"2534",54,29,4.71849887129509,1,0.741937344729377,2,0,1,0,0,1,0
"777",50,26,4.91265488573605,2,1.7227665977411,3,91,1,0,0,1,0
"1667",51,25,5.25227342804663,2,1.64865862558738,2,0,1,0,0,1,0
"2987",55,30,5.03695260241363,2,1.33500106673234,2,0,1,1,1,1,0
"1525",40,16,5.04985600724954,4,0.0953101798043249,3,0,1,0,1,1,1
"304",49,25,5.27811465923052,4,1.38629436111989,1,617,1,0,0,0,0
"4169",60,34,4.9416424226093,4,0.336472236621213,1,0,1,0,0,1,0
"2401",61,36,5.13579843705026,2,1.96009478404727,3,106,1,0,1,1,1
"4576",53,27,4.75359019110636,2,0.405465108108164,3,0,1,0,0,0,0
"1293",56,30,5.10594547390058,4,0.405465108108164,2,234,1,0,1,1,1
"1162",36,11,5.2040066870768,3,0.8754687373539,1,0,1,0,0,0,0
"2434",37,11,4.82028156560504,1,1.19392246847243,2,0,1,1,1,1,0
"389",54,30,4.61512051684126,4,1.48160454092422,3,0,1,0,0,0,0
"3729",28,3,4.77912349311153,3,1.22377543162212,2,161,1,0,0,0,0
"1127",32,8,4.65396035015752,2,1.54756250871601,1,0,1,0,0,0,1
"3993",47,22,4.56434819146784,2,1.58923520511658,2,0,1,0,0,0,0
"4626",45,21,4.63472898822964,4,1.7404661748405,2,81,1,0,0,0,0
"1409",40,14,4.86753445045558,1,1.93152141160321,3,0,1,0,0,1,0
"1165",41,17,4.55387689160054,3,1.56861591791385,2,327,1,1,1,1,0
"4168",48,24,4.97673374242057,4,1.50407739677627,2,0,1,0,0,0,0
"1023",27,3,4.77912349311153,1,1.45861502269952,2,0,1,0,0,1,0
"252",54,28,5.14166355650266,2,1.97408102602201,2,325,1,0,0,1,0
"262",42,16,4.71849887129509,2,0.78845736036427,3,251,1,0,0,1,0
"900",30,3,5.15329159449778,3,1.48160454092422,2,0,1,0,0,0,1
"17",38,14,4.87519732320115,4,1.7404661748405,3,134,1,0,0,0,0
"1487",35,9,4.95582705760126,2,1.70474809223843,2,0,1,0,0,0,0
"4584",52,26,4.43081679884331,1,1.41098697371026,1,0,1,0,0,1,0
"2218",48,24,5.09375020080676,4,1.45861502269952,2,446,1,0,1,1,0
"3097",43,18,5.19295685089021,3,0.78845736036427,1,0,1,1,1,1,0
"2503",58,31,5.18738580584075,2,1.94591014905531,2,0,1,0,0,1,0
"3499",30,6,5.20948615284142,4,0.587786664902119,3,94,1,0,0,1,0
"788",45,15,5.31320597904179,3,2.39789527279837,3,0,1,0,0,0,0
"3001",40,14,5.10594547390058,1,1.66770682055808,2,0,1,0,0,0,0
"4309",44,20,4.89034912822175,3,1.28093384546206,1,308,1,0,0,0,0
"1632",61,36,5.03695260241363,1,1.28093384546206,2,0,1,1,1,0,1
"3457",46,22,4.83628190695148,2,1.7404661748405,3,0,1,0,0,1,0
"892",32,6,4.79579054559674,4,1.85629799036563,1,301,1,0,1,1,1
"324",59,34,4.60517018598809,1,1.68639895357023,1,0,1,0,0,0,0
"897",50,24,5.08759633523238,3,1.48160454092422,1,212,1,0,0,1,0
"3509",33,9,4.83628190695148,1,1.66770682055808,3,0,1,0,0,1,0
"2102",35,5,5.31811999384422,1,2.39789527279837,3,0,1,0,0,0,0
"1207",63,37,5.11198778835654,4,1.80828877117927,3,0,1,0,0,0,0
"3767",59,35,4.69134788222914,4,1.56861591791385,2,304,1,0,0,1,0
"1408",63,39,4.62497281328427,2,1.58923520511658,3,294,1,0,0,1,0
"2899",27,1,4.94875989037817,1,1.93152141160321,2,175,1,1,1,1,0
"1085",60,35,5.25749537202778,4,1.88706964903238,3,0,1,0,0,0,0
"1732",43,19,4.83628190695148,3,1.22377543162212,1,0,1,0,0,1,0
"244",65,39,5.14166355650266,3,2.18605127673809,3,99,1,0,1,1,0
"2647",45,20,5.25749537202778,3,1.28093384546206,3,123,1,0,0,0,0
"1177",29,3,4.64439089914137,4,1.48160454092422,1,0,1,0,0,1,0
"4024",51,25,5.17048399503815,3,0.53062825106217,1,312,1,0,0,0,0
"2305",27,2,5.14166355650266,3,1.7404661748405,1,0,1,0,0,1,0
"3479",31,6,4.89783979995091,1,0.916290731874155,3,0,1,0,0,0,0
"2715",46,20,5.06890420222023,3,1.85629799036563,1,432,1,0,0,0,1
"1008",44,19,4.60517018598809,3,1.50407739677627,3,357,1,0,0,0,0
"463",29,4,5.21493575760899,3,2.23001440015921,3,0,1,0,0,1,0
"3328",42,18,5.10594547390058,1,0.832909122935104,3,0,1,1,1,1,1
"4170",41,17,4.969813299576,2,1.30833281965018,3,209,1,0,0,1,0
"3271",50,23,5.19295685089021,4,1.52605630349505,2,0,1,0,0,1,0
"3161",41,15,5.06890420222023,1,1.7404661748405,2,0,1,1,1,0,1
"3844",32,7,4.86753445045558,4,1.82454929205105,2,0,1,0,0,0,1
"2813",53,28,5.21493575760899,3,2.21920348405499,3,467,1,0,1,1,1
"2383",46,20,5.2257466737132,4,2.14006616349627,2,428,1,0,0,0,1
"723",45,21,4.89034912822175,3,0.78845736036427,2,0,1,0,1,1,1
"3344",62,37,4.83628190695148,1,0.693147180559945,3,0,1,0,0,1,0
"4706",61,37,4.95582705760126,3,0.53062825106217,1,0,1,0,1,1,1
"529",64,39,4.81218435537242,4,0.182321556793955,1,378,1,0,0,1,0
"835",36,12,5.01727983681492,4,1.85629799036563,1,0,1,1,1,1,0
"860",63,37,4.8283137373023,3,1.79175946922805,2,170,1,0,0,0,0
"1825",49,23,5.27299955856375,4,2.23001440015921,2,0,1,0,0,0,1
"4338",26,2,5.20948615284142,2,1.43508452528932,2,0,1,0,0,0,0
"2318",31,5,4.86753445045558,3,1.93152141160321,3,319,1,1,1,0,1
"4847",35,10,4.91265488573605,3,1.75785791755237,2,0,1,0,0,1,0
"43",32,7,4.89034912822175,4,0.741937344729377,2,412,1,0,0,1,0
"814",50,25,4.87519732320115,1,0.741937344729377,2,0,1,0,0,1,0
"1823",48,23,4.72738781871234,1,1.80828877117927,2,86,1,1,1,1,0
"323",63,39,4.62497281328427,1,1.58923520511658,1,0,1,1,1,1,0
"1051",53,27,4.98360662170834,2,1.96009478404727,3,294,1,0,1,1,1
"1753",33,8,5.04985600724954,1,2.12823170584927,3,0,1,0,0,0,0
"1142",32,7,4.969813299576,3,1.3609765531356,3,0,1,0,0,1,0
"132",58,34,5.01063529409626,4,2.10413415427021,2,0,1,0,1,1,1
"184",29,3,5.00394630594546,3,1.62924053973028,1,0,1,0,0,1,0
"3781",49,25,4.70048036579242,2,2.05412373369555,1,0,0,0,0,0,0
"3927",48,23,3.78418963391826,2,0.832909122935104,1,0,0,0,0,1,0
"592",30,5,3.95124371858143,1,0.693147180559945,1,0,0,0,0,1,0
"1455",51,25,5.00394630594546,1,0.693147180559945,1,0,0,0,0,0,0
"273",29,3,3.8286413964891,4,0.182321556793955,1,158,0,0,0,1,1
"4072",30,6,3.25809653802148,3,0.693147180559945,2,135,0,0,0,0,1
"1983",58,33,2.94443897916644,3,0.0953101798043249,2,110,0,0,0,1,0
"1355",35,10,5.19295685089021,1,2.26176309847379,1,357,0,0,0,0,0
"4776",44,14,3.52636052461616,1,0.559615787935423,3,171,0,0,0,0,0
"1670",43,18,3.09104245335832,2,0.8754687373539,2,0,0,0,0,1,1
"4",35,9,4.61512051684126,1,1.30833281965018,2,0,0,0,0,0,0
"1965",34,10,3.55534806148941,1,0.916290731874155,2,111,0,0,0,0,1
"29",56,30,3.89182029811063,1,1.16315080980568,3,0,0,0,0,1,1
"4722",52,26,4.26267987704132,2,0.741937344729377,1,0,0,1,0,1,0
"4529",48,23,3.89182029811063,1,0.262364264467491,1,0,0,0,0,0,0
"2815",54,28,3.98898404656427,1,1.16315080980568,3,0,0,0,0,1,1
"4530",27,0,3.71357206670431,4,0.693147180559945,3,0,0,0,0,0,0
"1619",29,3,3.40119738166216,3,0.693147180559945,1,0,0,0,0,1,1
"4189",30,4,3.8286413964891,4,0.832909122935104,3,0,0,0,0,0,0
"4208",37,11,3.95124371858143,3,1.1314021114911,1,0,0,0,0,1,1
"4554",50,25,3.80666248977032,2,0.53062825106217,2,192,0,0,0,1,0
"1384",65,41,4.66343909411207,4,0.993251773010283,2,230,0,1,0,1,0
"2166",27,0,3.66356164612965,4,0.693147180559945,3,154,0,0,0,1,0
"391",45,19,3.8286413964891,1,0.182321556793955,1,0,0,0,0,1,0
"3427",31,5,4.75359019110636,2,0.916290731874155,3,189,0,0,0,1,0
"4026",51,27,3.98898404656427,1,1.02961941718116,3,0,0,0,0,0,1
"377",45,21,4.12713438504509,3,0.53062825106217,1,0,0,0,0,0,0
"1537",36,12,4.30406509320417,4,1.09861228866811,3,188,0,0,0,1,0
"4469",67,42,3.95124371858143,3,1.16315080980568,1,0,0,0,0,1,1
"2457",54,30,3.68887945411394,2,0.587786664902119,1,0,0,0,0,0,1
"281",33,8,4.17438726989564,4,1.1314021114911,3,164,0,0,0,1,0
"890",24,-2,4.4188406077966,2,0.955511445027436,3,0,0,0,0,1,1
"2804",43,18,3.73766961828337,1,0.262364264467491,3,0,0,0,0,1,0
"339",29,3,5.03695260241363,2,1.09861228866811,1,392,0,0,0,0,0
"2667",32,7,4.61512051684126,3,0.470003629245736,2,0,0,0,0,1,0
"1116",51,24,4.44265125649032,3,1.09861228866811,2,0,0,0,0,0,0
"1064",56,30,3.68887945411394,3,0.8754687373539,1,131,0,0,0,0,1
"4448",49,22,4.36944785246702,3,1.09861228866811,2,0,0,0,0,1,0
"1255",36,12,3.71357206670431,2,0.470003629245736,3,0,0,0,0,1,1
"3439",43,17,4.29045944114839,1,1.33500106673234,1,271,0,0,0,1,0
"3682",33,9,4.9416424226093,1,1.66770682055808,1,0,0,0,0,0,0
"4091",42,18,3.91202300542815,3,1.1314021114911,3,0,0,1,0,1,0
"1203",35,11,3.2188758248682,4,0.336472236621213,2,0,0,0,0,0,0
"2354",61,36,2.56494935746154,4,0.470003629245736,2,0,0,0,0,1,1
"4630",48,24,5.00394630594546,2,1.45861502269952,1,0,0,0,1,1,1
"664",46,20,3.91202300542815,3,1.16315080980568,2,0,0,0,0,0,0
"4200",43,19,4.40671924726425,4,0.182321556793955,3,0,0,0,0,0,1
"3082",36,10,4.36944785246702,2,1.70474809223843,3,204,0,0,0,1,1
"4491",35,9,4.96284463025991,2,0,1,0,0,1,0,1,0
"2320",34,9,5.29330482472449,2,1.38629436111989,1,422,0,0,0,1,0
"2129",65,40,3.71357206670431,1,0.741937344729377,3,0,0,0,0,0,0
"21",56,31,3.25809653802148,4,0.641853886172395,2,111,0,0,0,1,0
"1685",60,34,4.43081679884331,2,1.09861228866811,1,249,0,0,0,0,0
"2799",58,33,3.36729582998647,1,0.262364264467491,3,0,0,0,0,1,0
"540",57,32,3.09104245335832,1,0.262364264467491,3,117,0,0,0,0,0
"3103",49,25,3.43398720448515,4,0.641853886172395,2,0,0,0,0,0,1
"1755",50,24,4.39444915467244,4,1.77495235091167,1,0,0,0,0,1,0
"1766",26,0,5.01063529409626,2,2.10413415427021,1,154,0,0,0,0,0
"3177",48,24,2.70805020110221,3,0.336472236621213,1,0,0,0,0,1,0
"3798",61,35,3.46573590279973,2,0.262364264467491,1,0,0,0,0,1,0
"1606",54,28,4.43081679884331,3,0.587786664902119,1,0,0,0,0,1,0
"1620",45,21,3.40119738166216,1,0.262364264467491,3,0,0,0,0,1,0
"2153",62,38,3.43398720448515,3,0.0953101798043249,3,128,0,0,0,1,0
"3604",51,25,3.8286413964891,4,0.0953101798043249,1,0,0,0,0,1,1
"3994",30,6,2.63905732961526,3,0.641853886172395,3,0,0,0,0,1,0
"1773",36,11,2.77258872223978,2,0.262364264467491,2,119,0,0,0,0,0
"156",24,0,4.11087386417331,4,0.955511445027436,1,0,0,0,0,1,0
"4466",39,15,4.00733318523247,4,1.16315080980568,2,0,0,0,0,0,1
"1651",31,6,4.43081679884331,4,1.16315080980568,2,106,0,0,0,1,0
"3030",41,17,4.78749174278205,2,1.96009478404727,1,263,0,1,0,1,0
"896",43,17,4.44265125649032,4,1.28093384546206,3,289,0,1,1,1,1
"3676",60,34,4.70953020131233,2,1.09861228866811,1,0,0,0,0,1,0
"1641",36,10,4.02535169073515,1,1.09861228866811,1,95,0,0,0,1,0
"4455",50,24,3.66356164612965,3,0.470003629245736,2,0,0,0,0,1,0
"4211",35,8,3.78418963391826,2,0.982078472412158,2,0,0,0,0,0,0
"2378",47,23,5.08140436498446,2,2.03731661537916,1,0,0,0,0,0,0
"992",40,14,3.36729582998647,4,0.916290731874155,3,0,0,0,0,0,1
"4622",57,32,4.11087386417331,3,0.993251773010283,1,0,0,1,1,1,1
"2922",50,24,4.56434819146784,1,0.262364264467491,1,262,0,0,0,1,0
"1967",52,26,4.74493212836325,2,1.22377543162212,2,0,0,0,0,0,0
"4107",48,22,4.00733318523247,1,0.78845736036427,2,0,0,0,0,0,0
"2384",63,39,3.97029191355212,2,0.741937344729377,1,0,0,0,0,1,1
"4827",56,31,4.40671924726425,2,0,3,225,0,0,0,0,0
"331",54,30,4.36944785246702,4,0.693147180559945,2,0,0,0,0,1,0
"721",58,32,3.66356164612965,1,1.16315080980568,3,0,0,0,0,0,0
"3065",59,33,4.43081679884331,3,1.68639895357023,1,0,0,0,0,1,0
"3708",43,18,3.58351893845611,1,0.470003629245736,3,0,0,0,0,0,0
"2588",60,33,4.02535169073515,4,1.25276296849537,2,0,0,0,0,1,0
"3233",55,25,4.18965474202643,4,1.09861228866811,3,0,0,0,0,1,0
"2568",58,33,4.96284463025991,2,1.58923520511658,1,0,0,0,0,0,1
"2917",46,20,3.71357206670431,1,0.78845736036427,2,0,0,0,0,1,0
"2038",35,8,3.97029191355212,2,0.693147180559945,2,0,0,0,0,0,1
"179",53,29,3.2188758248682,4,0.182321556793955,1,0,0,0,0,1,1
"599",56,31,2.484906649788,2,0.182321556793955,3,90,0,0,0,0,0
"1889",36,10,4.54329478227,1,1.33500106673234,3,0,0,0,0,1,0
"4115",52,28,3.97029191355212,4,0.0953101798043249,3,121,0,0,0,0,0
"373",56,30,3.80666248977032,4,0.53062825106217,2,174,0,0,0,1,0
"692",45,18,3.89182029811063,3,1.25276296849537,2,113,0,0,0,1,1
"656",50,25,2.63905732961526,2,0.53062825106217,3,0,0,0,0,0,0
"2035",59,33,4.52178857704904,4,1.06471073699243,2,329,0,0,0,0,0
"1702",29,3,4.69134788222914,4,1.02961941718116,2,0,0,0,0,0,0
"3645",59,33,3.73766961828337,4,1.25276296849537,1,174,0,0,0,0,0
"3934",39,14,3.71357206670431,1,1.25276296849537,3,0,0,0,0,1,0
"1486",34,9,4.60517018598809,4,1.16315080980568,2,155,0,0,0,1,0
"1388",35,10,3.66356164612965,4,0.993251773010283,1,0,0,0,0,1,1
"3153",40,15,4.43081679884331,1,0.693147180559945,3,0,0,0,0,0,0
"2029",42,17,2.30258509299405,2,0,3,0,0,0,0,0,0
"2149",54,30,4.07753744390572,2,1.43508452528932,3,0,0,0,0,0,0
"2476",52,26,4.38202663467388,3,0.587786664902119,1,183,0,0,0,0,0
"2795",52,26,3.58351893845611,4,1.02961941718116,1,0,0,0,0,1,0
"4274",44,19,4.43081679884331,2,1.56861591791385,3,0,0,1,0,0,1
"3182",39,15,4.70048036579242,1,0.993251773010283,1,0,0,0,0,1,0
"4493",56,26,4.52178857704904,1,1.38629436111989,3,0,0,0,0,1,1
"617",40,14,3.52636052461616,2,0.8754687373539,3,0,0,0,0,1,1
"648",62,38,4.17438726989564,4,1.16315080980568,1,123,0,1,1,1,1
"269",64,39,4.86753445045558,1,1.25276296849537,1,0,0,0,0,1,0
"358",38,14,3.76120011569356,1,1.09861228866811,2,81,0,0,0,1,0
"3942",57,33,4.38202663467388,1,1.30833281965018,2,294,0,0,0,1,1
"158",41,17,4.43081679884331,4,1.30019166206648,1,0,0,0,0,1,1
"4357",43,19,3.58351893845611,1,0.53062825106217,1,0,0,0,0,0,0
"1898",54,29,4.59511985013459,1,0.0953101798043249,3,0,0,0,0,0,0
"4880",40,15,3.78418963391826,4,0.993251773010283,1,98,0,0,0,0,0
"2882",49,25,4.02535169073515,4,0.0953101798043249,3,0,0,0,0,1,0
"3521",60,35,3.40119738166216,3,0.832909122935104,2,0,0,0,0,0,0
"4244",46,22,4.31748811353631,3,0.53062825106217,1,0,0,0,0,1,0
"1627",31,6,5.19849703126583,2,2.04122032885964,1,0,0,0,0,0,0
"3010",33,9,4.31748811353631,3,1.28093384546206,2,0,0,0,0,1,0
"3888",24,-2,4.77912349311153,2,2.10413415427021,1,0,0,1,0,1,0
"3185",39,15,4.95582705760126,2,2.19722457733622,1,0,0,0,0,1,0
"4825",32,6,3.25809653802148,3,0.693147180559945,1,0,0,0,0,1,0
"1454",29,5,4.45434729625351,3,1.25276296849537,1,0,0,0,0,1,1
"1413",59,33,4.61512051684126,2,1.09861228866811,1,127,0,0,0,0,0
"2103",25,-1,4.40671924726425,2,0.955511445027436,3,0,0,0,0,1,1
"447",47,23,3.13549421592915,1,0.693147180559945,1,0,0,0,0,0,1
"3437",56,29,3.76120011569356,4,1.25276296849537,2,0,0,0,0,0,0
"3709",31,1,4.31748811353631,4,1.6094379124341,3,0,0,0,0,0,0
"679",52,27,4.12713438504509,4,1.02961941718116,3,207,0,0,0,0,0
"4615",56,30,2.77258872223978,4,0.53062825106217,3,102,0,0,0,0,0
"2131",55,31,4.31748811353631,3,1.30019166206648,1,0,0,0,0,0,1
"1931",56,29,3.95124371858143,3,0.693147180559945,2,0,0,0,0,1,0
"1878",51,24,4.36944785246702,1,1.30019166206648,2,0,0,0,0,1,0
"1558",51,25,3.73766961828337,4,1.02961941718116,1,0,0,0,0,0,0
"2895",49,25,2.99573227355399,1,0.641853886172395,3,0,0,0,0,0,0
"419",27,0,3.52636052461616,4,0.693147180559945,3,0,0,0,0,0,0
"4804",48,24,3.89182029811063,2,1.1314021114911,3,0,0,0,0,1,0
"2202",41,16,4.71849887129509,2,0.336472236621213,1,0,0,0,0,0,0
"348",25,0,3.78418963391826,2,0.955511445027436,3,0,0,1,1,1,1
"104",43,18,3.13549421592915,2,0.262364264467491,2,0,0,0,0,1,0
"4276",63,38,4.63472898822964,4,1.48160454092422,2,0,0,0,0,0,0
"2918",55,31,3.55534806148941,3,0.916290731874155,1,101,0,0,0,1,0
"765",37,13,4.49980967033027,2,0.993251773010283,2,314,0,0,0,0,1
"2566",40,15,2.39789527279837,2,0,3,102,0,0,0,1,0
"1854",51,25,4.11087386417331,4,1.28093384546206,1,97,0,0,0,1,0
"3229",27,2,3.8286413964891,2,0.993251773010283,2,0,0,0,0,0,1
"3226",52,28,3.66356164612965,4,0.641853886172395,2,0,0,0,0,0,1
"2390",27,1,3.73766961828337,1,1.06471073699243,3,0,0,0,0,0,1
"455",50,24,3.40119738166216,3,0.641853886172395,3,0,0,0,0,0,0
"4205",40,16,4.12713438504509,3,1.1314021114911,3,0,0,0,0,0,0
"3551",40,10,2.99573227355399,1,0.559615787935423,3,116,0,0,0,0,0
"469",34,10,3.09104245335832,1,0.405465108108164,3,0,0,0,0,1,0
"2602",50,24,3.49650756146648,1,0.8754687373539,3,167,0,0,0,0,0
"169",50,26,2.63905732961526,4,0.693147180559945,1,0,0,0,0,1,0
"583",44,18,4.29045944114839,1,0.53062825106217,3,155,0,0,0,0,0
"1148",37,13,4.71849887129509,1,0.587786664902119,2,0,0,0,0,0,0
"3637",37,11,4.17438726989564,3,0.641853886172395,2,0,0,0,0,1,0
"3241",62,36,4.15888308335967,1,0.955511445027436,1,118,0,0,0,1,0
"1764",48,24,4.90527477843843,1,1.79175946922805,1,0,0,0,0,0,1
"2039",50,24,5.01727983681492,1,2.11625551480255,1,0,0,0,0,1,1
"2141",53,27,4.49980967033027,1,0.587786664902119,3,0,0,1,0,1,0
"1608",55,29,3.09104245335832,4,0.53062825106217,3,0,0,0,0,0,0
"1658",31,5,3.36729582998647,3,0.693147180559945,1,0,0,0,0,1,0
"3477",65,39,4.95582705760126,2,2.06686275947298,1,0,0,1,0,1,0
"2353",46,19,4.0943445622221,3,1.30019166206648,2,0,0,0,0,0,0
"1940",55,31,3.17805383034795,2,0.182321556793955,1,0,0,0,0,1,0
"4387",53,27,4.81218435537242,1,1.22377543162212,1,330,0,0,0,0,0
"2851",58,34,4.83628190695148,1,1.66770682055808,1,219,0,0,0,0,0
"2099",59,35,4.55387689160054,1,1.56861591791385,1,272,0,0,0,0,0
"229",47,22,3.98898404656427,4,1.06471073699243,3,98,0,1,1,0,1
"1611",38,14,4.64439089914137,1,0.587786664902119,2,0,0,0,0,0,1
"4758",26,2,4.91265488573605,1,0.916290731874155,1,0,0,0,0,0,0
"4204",59,33,4.48863636973214,4,1.06471073699243,2,0,0,0,0,0,0
"3689",51,26,5.19295685089021,1,2.2082744135228,1,0,0,1,0,1,0
"4919",50,25,3.76120011569356,2,0.53062825106217,2,110,0,0,0,0,1
"1017",30,5,4.24849524204936,1,0.587786664902119,2,0,0,1,0,1,0
"3137",60,34,4.18965474202643,3,1.16315080980568,3,94,0,1,1,0,1
"2634",49,25,2.63905732961526,3,0.336472236621213,1,106,0,0,0,1,0
"2084",31,7,3.66356164612965,1,0.182321556793955,3,0,0,0,0,1,0
"3003",37,13,4.56434819146784,2,0.993251773010283,2,83,0,0,0,0,0
"3714",46,20,4.31748811353631,3,0.53062825106217,2,0,0,0,0,1,1
"1152",49,23,2.56494935746154,2,0.0953101798043249,3,0,0,1,1,1,0
"1313",46,21,3.76120011569356,1,1.22377543162212,1,0,0,0,0,1,1
"1319",52,26,5.18738580584075,1,0.693147180559945,1,0,0,0,0,0,0
"776",65,39,3.17805383034795,3,0.53062825106217,2,0,0,0,0,0,1
"2802",58,34,3.73766961828337,4,0.336472236621213,1,177,0,0,0,1,0
"4954",47,21,3.49650756146648,3,0.916290731874155,1,75,0,0,0,1,0
"919",41,16,4.17438726989564,3,0.405465108108164,3,0,0,0,0,0,0
"2189",29,4,2.30258509299405,4,0.405465108108164,3,86,0,0,0,1,1
"3955",32,7,4.90527477843843,2,1.41098697371026,1,0,0,0,0,0,0
"3385",36,11,5.09375020080676,1,2.26176309847379,1,153,0,1,0,1,0
"585",40,16,4.74493212836325,1,1.48160454092422,1,300,0,0,0,1,0
"4681",46,21,5.04342511691925,2,1.33500106673234,1,94,0,0,0,0,0
"1806",51,26,2.77258872223978,2,0,1,114,0,0,0,1,0
"823",61,35,4.11087386417331,3,0.8754687373539,3,0,0,0,0,0,0
"3938",39,15,4.82028156560504,2,1.16315080980568,1,92,0,0,0,0,1
"336",56,32,4.81218435537242,2,0.262364264467491,1,360,0,0,1,1,1
"1327",32,5,4.15888308335967,4,1.09861228866811,2,0,0,1,0,1,0
"4948",39,13,3.73766961828337,2,0.262364264467491,1,108,0,0,0,1,1
"4965",53,27,4.70953020131233,1,1.77495235091167,1,0,0,0,0,1,0
"2560",36,12,4.48863636973214,2,1.30833281965018,1,0,0,0,0,1,0
"1937",50,24,4.4188406077966,3,1.38629436111989,2,0,0,0,0,1,0
"2113",27,2,4.64439089914137,1,1.06471073699243,1,120,0,0,0,1,0
"1137",47,21,4.18965474202643,1,0.916290731874155,2,0,0,1,0,1,0
"1915",48,24,4.00733318523247,1,0.955511445027436,2,186,0,0,0,1,0
"2995",50,24,5.19295685089021,1,0.693147180559945,1,0,0,0,0,1,0
"34",30,6,2.94443897916644,3,0.641853886172395,3,0,0,0,0,0,0
"1492",38,12,3.66356164612965,2,0.262364264467491,1,0,0,0,0,1,1
"359",30,6,4.95582705760126,2,1.67335123817775,1,0,0,0,0,1,0
"1081",47,22,3.2188758248682,4,0.336472236621213,2,142,0,0,0,1,0
"4946",42,18,3.91202300542815,2,0.993251773010283,1,106,0,0,0,0,1
"4044",49,23,4.17438726989564,4,1.28093384546206,1,0,0,0,0,1,1
"702",44,19,4.14313472639153,3,0.587786664902119,3,0,0,0,0,0,1
"4322",27,0,3.55534806148941,1,1.09861228866811,2,112,0,0,0,0,1
"704",41,17,4.95582705760126,2,2.15176220325946,1,92,0,0,0,0,0
"4375",39,15,4.14313472639153,3,1.20297230399235,1,131,0,0,1,1,1
"962",35,9,3.43398720448515,4,0.693147180559945,1,163,0,0,0,1,0
"2662",66,41,4.98360662170834,1,1.25276296849537,1,0,0,0,0,1,0
"1434",51,25,4.23410650459726,2,0.916290731874155,2,117,0,0,0,0,1
"3441",26,1,3.68887945411394,4,0.470003629245736,2,0,0,0,0,0,1
"3011",25,1,4.29045944114839,3,0.587786664902119,1,0,0,0,0,1,0
"1916",37,11,4.24849524204936,3,1.1314021114911,1,0,0,1,0,0,0
"1602",31,7,5.19849703126583,1,1.66770682055808,1,0,0,0,0,0,0
"3472",50,25,3.66356164612965,1,0.8754687373539,3,0,0,0,0,1,0
"2475",64,38,3.71357206670431,2,0.693147180559945,3,0,0,0,0,0,0
"3193",65,39,3.58351893845611,1,0.405465108108164,3,0,0,0,0,0,0
"3587",40,15,4.89034912822175,2,1.58923520511658,1,0,0,0,0,1,0
"557",60,34,3.09104245335832,3,0.262364264467491,3,129,0,0,0,1,0
"2859",36,11,5.06890420222023,2,2.17475172148416,1,114,0,0,0,1,1
"2794",57,33,4.81218435537242,2,1.94591014905531,1,153,0,1,1,1,1
"4970",45,19,4.11087386417331,2,0.336472236621213,3,250,0,0,0,1,0
"1211",50,24,4.44265125649032,4,1.77495235091167,1,0,0,0,0,1,0
"1159",41,16,4.60517018598809,1,0.693147180559945,3,0,0,0,0,1,0
"4736",34,9,4.44265125649032,4,1.16315080980568,2,323,0,0,0,1,0
"3540",56,30,4.11087386417331,1,1.16315080980568,3,0,0,0,0,0,0
"1779",27,3,3.49650756146648,3,0.693147180559945,2,0,0,0,0,0,0
"4916",49,24,3.89182029811063,1,0.832909122935104,2,0,0,0,0,0,1
"4470",40,14,3.98898404656427,3,0.405465108108164,3,0,0,1,1,1,1
"3347",41,15,4.18965474202643,2,1.33500106673234,1,0,0,0,0,1,1
"1796",49,24,4.26267987704132,1,1.3609765531356,1,0,0,0,0,0,1
"3883",31,7,3.78418963391826,1,1.1314021114911,3,166,0,0,0,0,1
"4966",29,5,3.52636052461616,1,1.02961941718116,2,78,0,0,0,1,0
"558",39,15,4.77912349311153,2,1.06471073699243,1,0,0,0,0,0,1
"1643",27,3,4.44265125649032,3,0.916290731874155,1,0,0,0,0,1,1
"2013",57,31,3.95124371858143,1,0.8754687373539,1,0,0,0,0,1,1
"1229",56,30,3.8286413964891,1,0.182321556793955,1,98,0,0,0,0,0
"3943",42,17,4.49980967033027,1,0.0953101798043249,2,170,0,0,0,1,0
"4811",58,34,2.484906649788,2,0.262364264467491,1,96,0,0,0,1,0
"1232",66,41,4.97673374242057,1,1.25276296849537,1,0,0,1,1,1,1
"1061",59,34,3.17805383034795,1,0.0953101798043249,1,0,0,0,0,0,1
"2951",42,16,4.02535169073515,1,0.53062825106217,3,135,0,0,0,1,0
"4408",37,13,4.27666611901606,2,0.993251773010283,2,0,0,0,0,1,1
"3178",30,4,4.43081679884331,2,0.916290731874155,3,199,0,0,0,0,1
"1169",62,37,3.66356164612965,1,0.741937344729377,3,0,0,0,0,1,0
"1297",30,6,4.39444915467244,3,0.916290731874155,1,219,0,0,0,1,0
"2728",45,19,4.24849524204936,1,1.33500106673234,1,220,0,0,0,1,1
"385",51,25,3.09104245335832,4,0.470003629245736,3,0,0,0,0,1,1
"1629",42,18,4.51085950651685,4,0.587786664902119,1,245,0,1,0,0,0
"3362",31,5,4.45434729625351,3,0.955511445027436,1,87,0,0,0,1,1
"4233",39,15,3.98898404656427,1,1.02961941718116,1,0,0,0,0,0,0
"1951",36,12,3.66356164612965,1,0.916290731874155,2,0,0,0,0,0,0
"3962",48,22,4.98360662170834,1,0.262364264467491,1,140,0,0,0,1,0
"2240",55,29,3.76120011569356,4,1.25276296849537,1,0,0,1,0,0,0
"3239",52,28,3.91202300542815,4,0.741937344729377,2,0,0,0,0,1,0
"4955",45,19,3.13549421592915,3,0.916290731874155,1,0,0,0,0,1,1
"4214",49,25,3.68887945411394,3,1.06471073699243,2,0,0,0,0,0,0
"2403",48,21,3.17805383034795,3,0.512823626428664,2,95,0,0,0,0,0
"4874",59,35,5.11198778835654,2,1.94591014905531,1,0,0,0,0,1,0
"3307",47,22,4.18965474202643,1,1.22377543162212,1,0,0,0,0,1,0
"2108",41,17,4.45434729625351,4,0.182321556793955,3,229,0,0,0,0,0
"3298",57,32,3.17805383034795,1,0.262364264467491,3,0,0,0,0,1,1
"1733",25,0,4.48863636973214,2,1.02961941718116,2,319,0,0,0,1,1
"4704",57,27,4.14313472639153,3,1.09861228866811,3,0,0,0,0,1,0
"3967",33,7,4.44265125649032,1,1.3609765531356,3,0,0,0,0,1,0
"4071",58,33,4.26267987704132,4,0.53062825106217,1,0,0,1,0,0,0
"2200",49,24,3.95124371858143,1,0.832909122935104,2,98,0,0,0,0,1
"852",41,16,3.17805383034795,2,0.8754687373539,2,0,0,1,0,1,0
"3110",60,34,3.71357206670431,3,1.16315080980568,3,0,0,1,0,1,0
"2373",34,10,3.8286413964891,3,1.33500106673234,1,153,0,0,0,1,1
"530",39,15,4.4188406077966,1,0.587786664902119,2,0,0,0,0,1,0
"2828",37,11,4.44265125649032,4,1.16315080980568,2,0,0,0,0,1,1
"2016",30,5,4.95582705760126,1,0.587786664902119,1,0,0,0,0,1,0
"3651",47,21,4.54329478227,2,0.587786664902119,3,107,0,0,0,0,0
"2483",28,4,4.86753445045558,1,0.916290731874155,1,0,0,0,0,0,1
"467",25,0,2.63905732961526,2,0.641853886172395,3,0,0,0,0,1,0
"3248",44,20,4.7361984483945,2,1.45861502269952,1,0,0,0,0,1,1
"1809",55,31,3.93182563272433,4,0.916290731874155,1,0,0,0,0,1,0
"1907",42,17,4.59511985013459,2,0.336472236621213,1,275,0,0,0,1,0
"1394",62,37,4.02535169073515,3,0.641853886172395,3,0,0,0,0,1,0
"3121",35,11,4.33073334028633,2,0.993251773010283,2,0,0,0,0,1,0
"3247",41,17,4.40671924726425,1,0.587786664902119,2,223,0,0,0,1,0
"1946",57,33,3.43398720448515,3,0.916290731874155,1,151,0,1,0,1,0
"1704",65,41,3.71357206670431,3,0.0953101798043249,3,0,0,0,0,1,0
"1872",31,5,4.60517018598809,4,1.02961941718116,2,268,0,0,0,0,0
"1942",43,19,4.07753744390572,2,1.43508452528932,1,0,0,0,0,1,0
"1104",38,14,3.91202300542815,1,1.02961941718116,1,0,0,0,0,0,0
"4121",49,23,3.17805383034795,1,0.8754687373539,3,0,0,0,0,0,0
"2466",58,34,3.25809653802148,2,0.262364264467491,1,123,0,0,0,1,0
"2872",65,39,4.4188406077966,4,1.22377543162212,3,252,0,0,0,1,0
"2273",27,3,4.51085950651685,3,0.587786664902119,1,0,0,0,0,1,0
"2531",56,30,3.46573590279973,4,0.916290731874155,3,0,0,0,0,1,0
"4740",62,38,5.16478597392351,1,1.7404661748405,1,0,0,0,0,1,1
"3398",31,6,5.14166355650266,2,2.04122032885964,1,137,0,0,0,1,0
"753",64,39,3.13549421592915,4,0.470003629245736,2,0,0,0,0,0,0
"1609",36,10,3.58351893845611,2,0.262364264467491,1,98,0,0,0,1,0
"1737",57,31,4.88280192258637,2,1.30833281965018,1,394,0,0,0,0,1
"1562",46,20,4.30406509320417,1,0.916290731874155,2,128,0,0,0,1,0
"4175",40,14,4.0943445622221,3,0.405465108108164,3,0,0,0,0,1,0
"3607",43,18,2.30258509299405,2,0,3,96,0,0,0,1,1
"2246",54,28,3.52636052461616,2,0.53062825106217,2,0,0,0,0,0,1
"2021",59,34,3.52636052461616,3,0.182321556793955,1,0,0,1,0,0,0
"4173",67,42,4.33073334028633,4,0.0953101798043249,2,182,0,0,0,1,0
"2744",32,8,3.13549421592915,4,0.53062825106217,2,0,0,0,0,1,1
"539",31,5,2.484906649788,1,0.336472236621213,2,76,0,0,0,0,1
"2866",59,33,3.17805383034795,2,0.182321556793955,3,0,0,0,0,1,0
"457",64,39,3.76120011569356,3,0.405465108108164,2,116,0,0,0,1,0
"1681",62,36,3.80666248977032,2,0.693147180559945,3,0,0,0,0,0,0
"3422",49,23,4.83628190695148,1,1.22377543162212,1,0,0,0,0,0,1
"1863",42,17,4.4188406077966,1,1.54756250871601,3,0,0,0,0,1,0
"201",32,6,3.40119738166216,1,1.06471073699243,3,0,0,0,0,1,1
"1190",42,17,4.75359019110636,2,0.336472236621213,1,0,0,0,0,1,0
"4363",28,2,4.02535169073515,3,0.741937344729377,2,0,0,0,0,0,0
"800",29,3,3.68887945411394,4,1.1314021114911,3,0,0,0,0,1,0
"1271",43,18,4.11087386417331,2,1.16315080980568,3,0,0,0,0,0,1
"1533",45,20,4.02535169073515,1,0.262364264467491,1,0,0,0,0,1,1
"452",28,-2,3.89182029811063,2,1.01160091167848,3,89,0,0,0,1,0
"3242",41,15,4.02535169073515,1,1.33500106673234,1,0,0,0,0,0,0
"3445",60,35,4.85981240436167,1,0.641853886172395,1,0,0,0,0,1,0
